kod,zeme,jednotka,pocet_obci,zdroj_poctu,obyvatel_2025_01_01_eurostat,lau_2025_pocet,prumer_obyvatel_na_obec,obci_na_100k_obyvatel,oecd_prumer_obyv_na_obec_2025,oecd_median_obyv_na_obec_2025,oecd_prumerna_rozloha_km2,oecd_podil_obci_pod_5000_pct
CZ,Česko,obce,6258.0,"OECD SNG dashboard 2025 (DSD_DASHBOARD@SNG_NBR, MUN)",10909500,6258,1743.0,57.4,1741.0220517737296,453.0,13.0,95.0
SK,Slovensko,obce,2927.0,"OECD SNG dashboard 2025 (DSD_DASHBOARD@SNG_NBR, MUN)",5419451,2927,1852.0,54.0,1865.005124701059,677.0,17.0,95.0
FR,Francie,communes,34875.0,"OECD SNG dashboard 2025 (DSD_DASHBOARD@SNG_NBR, MUN)",68882600,34936,1975.0,50.6,1941.926623655914,457.0,16.0,93.0
HU,Maďarsko,települési önkormányzatok,3155.0,"OECD SNG dashboard 2025 (DSD_DASHBOARD@SNG_NBR, MUN)",9539502,3155,3024.0,33.1,3030.765451664025,745.0,29.0,92.0
CH,Švýcarsko,Gemeinden/communes,2110.0,"OECD SNG dashboard 2025 (DSD_DASHBOARD@SNG_NBR, MUN)",9051029,2131,4290.0,23.3,4272.892890995261,1693.0,20.0,80.0
AT,Rakousko,Gemeinden,2092.0,"OECD SNG dashboard 2025 (DSD_DASHBOARD@SNG_NBR, MUN)",9197213,2093,4396.0,22.7,4387.148661567878,1846.0,40.0,87.0
RO,Rumunsko,comune + orașe + municipii,3181.0,Eurostat LAU 2025 (LAU = obec),19043151,3181,5987.0,16.7,,,,
ES,Španělsko,municipios,8132.0,"OECD SNG dashboard 2025 (DSD_DASHBOARD@SNG_NBR, MUN)",49128297,8132,6041.0,16.6,6007.9465076242,526.0,62.0,84.0
LU,Lucembursko,communes,100.0,"OECD SNG dashboard 2025 (DSD_DASHBOARD@SNG_NBR, MUN)",681973,100,6820.0,14.7,6784.43,3509.0,26.0,62.0
HR,Chorvatsko,općine + gradovi,556.0,Eurostat LAU 2025 (LAU = obec),3874350,556,6968.0,14.4,,,,
IT,Itálie,comuni,7894.0,"OECD SNG dashboard 2025 (DSD_DASHBOARD@SNG_NBR, MUN)",58943464,7896,7467.0,13.4,7468.621738028883,2382.0,38.0,70.0
DE,Německo,Gemeinden,10749.0,"OECD SNG dashboard 2025 (DSD_DASHBOARD@SNG_NBR, MUN)",83577140,10957,7775.0,12.9,7769.74602288585,1747.0,33.0,73.0
MT,Malta,local councils,68.0,Eurostat LAU 2025 (LAU = obec),574250,68,8445.0,11.8,,,,
SI,Slovinsko,občine,212.0,"OECD SNG dashboard 2025 (DSD_DASHBOARD@SNG_NBR, MUN)",2130850,212,10051.0,9.9,10032.41037735849,5063.0,96.0,49.0
PL,Polsko,gminy,2479.0,"OECD SNG dashboard 2025 (DSD_DASHBOARD@SNG_NBR, MUN)",36497495,2477,14723.0,6.8,15137.407018959258,7239.0,126.0,29.0
NO,Norsko,kommuner,357.0,"OECD SNG dashboard 2025 (DSD_DASHBOARD@SNG_NBR, MUN)",5594340,379,15670.0,6.4,15607.843137254902,5413.0,906.0,49.0
EE,Estonsko,vald/linn,78.0,"OECD SNG dashboard 2025 (DSD_DASHBOARD@SNG_NBR, MUN)",1369995,79,17564.0,5.7,17624.19230769231,7819.0,581.0,23.0
FI,Finsko,kunnat,308.0,"OECD SNG dashboard 2025 (DSD_DASHBOARD@SNG_NBR, MUN)",5635971,309,18299.0,5.5,18249.675324675325,5884.0,1099.0,46.0
BE,Belgie,gemeenten/communes,565.0,"OECD SNG dashboard 2025 (DSD_DASHBOARD@SNG_NBR, MUN)",11883495,581,21033.0,4.8,20973.98230088496,12812.0,54.0,13.0
BG,Bulharsko,obshtini,265.0,Eurostat LAU 2025 (LAU = obec),6437360,265,24292.0,4.1,,,,
EL,Řecko,dimoi,332.0,"OECD SNG dashboard 2025 (DSD_DASHBOARD@SNG_NBR, MUN)",10372335,6142,31242.0,3.2,31720.743975903613,17610.0,397.0,16.0
SE,Švédsko,kommuner,290.0,"OECD SNG dashboard 2025 (DSD_DASHBOARD@SNG_NBR, MUN)",10587710,290,36509.0,2.7,36658.51724137931,16180.0,1543.0,6.0
PT,Portugalsko,municípios (ne freguesias),308.0,"OECD SNG dashboard 2025 (DSD_DASHBOARD@SNG_NBR, MUN)",11387222,3092,36972.0,2.7,34722.99025974026,14263.0,299.0,16.0
LV,Lotyšsko,novadi + valstspilsētas,42.0,"OECD SNG dashboard 2025 (DSD_DASHBOARD@SNG_NBR, MUN)",1860565,43,44299.0,2.3,44402.38095238096,28001.0,1538.0,2.0
LT,Litva,savivaldybės,60.0,"OECD SNG dashboard 2025 (DSD_DASHBOARD@SNG_NBR, MUN)",2890664,60,48178.0,2.1,48137.95,25293.0,1088.0,3.0
NL,Nizozemsko,gemeenten,342.0,"OECD SNG dashboard 2025 (DSD_DASHBOARD@SNG_NBR, MUN)",18044027,342,52760.0,1.9,52614.0350877193,33059.0,109.0,2.0
DK,Dánsko,kommuner,98.0,"OECD SNG dashboard 2025 (DSD_DASHBOARD@SNG_NBR, MUN)",5992734,99,61150.0,1.6,60987.81632653061,44101.0,438.0,4.0
IE,Irsko,local authorities (county/city councils),31.0,"OECD SNG dashboard 2025 (DSD_DASHBOARD@SNG_NBR, MUN)",5440278,166,175493.0,0.6,173709.4193548387,151185.0,2256.0,0.0
CY,Kypr,dimoi (+ koinotites),,nenalezeno spolehlivě (CY: od 7/2024 20 obcí + komunity; LAU 538 ≠ obce),982966,538,,,,,,
