varianta,skupina,pocet_obci,obyvatele,v6112_kc,v6171_kc,sprava_kc,vydaje_celkem_kc,vazeny_6112_na_obyv,vazeny_6171_na_obyv,vazeny_sprava_na_obyv,median_6112_na_obyv,median_6171_na_obyv,median_sprava_na_obyv,podil_sprava_na_vydajich_souhrn_pct,podil_sprava_na_vydajich_median_pct
vsechny obce bez Prahy,do 199,1343,169261,694185073,1119154495,1813339569,6710143922,4101.0,6612.0,10713.0,3900.0,4825.0,9378.0,27.0,30.4
vsechny obce bez Prahy,200–499,1998,661034,1968419400,3433146577,5401565976,25725024153,2978.0,5194.0,8171.0,2915.0,4021.0,7131.0,21.0,23.6
vsechny obce bez Prahy,500–999,1378,979054,2093931242,4323660277,6417591519,36594122146,2139.0,4416.0,6555.0,2140.0,3680.0,5815.0,17.5,18.7
vsechny obce bez Prahy,1 000–1 999,804,1119009,1757747863,4438367909,6196115772,41311170050,1571.0,3966.0,5537.0,1571.0,3367.0,5017.0,15.0,15.5
vsechny obce bez Prahy,2 000–4 999,454,1364542,1341820146,6395109367,7736929514,53028599754,983.0,4687.0,5670.0,997.0,4052.0,5060.0,14.6,14.2
vsechny obce bez Prahy,5 000–9 999,145,990670,621159562,7844576098,8465735660,43615300245,627.0,7918.0,8545.0,624.0,6740.0,7343.0,19.4,18.2
vsechny obce bez Prahy,10 000–49 999,114,2277585,810417052,17791059351,18601476402,94823378355,356.0,7811.0,8167.0,360.0,7843.0,8241.0,19.6,19.4
vsechny obce bez Prahy,50 000+ (bez Prahy),17,1950465,776050072,12412760698,13188810770,93469075051,398.0,6364.0,6762.0,263.0,6435.0,6708.0,14.1,14.3
bez ORP (a bez Prahy),do 199,1343,169261,694185073,1119154495,1813339569,6710143922,4101.0,6612.0,10713.0,3900.0,4825.0,9378.0,27.0,30.4
bez ORP (a bez Prahy),200–499,1998,661034,1968419400,3433146577,5401565976,25725024153,2978.0,5194.0,8171.0,2915.0,4021.0,7131.0,21.0,23.6
bez ORP (a bez Prahy),500–999,1378,979054,2093931242,4323660277,6417591519,36594122146,2139.0,4416.0,6555.0,2140.0,3680.0,5815.0,17.5,18.7
bez ORP (a bez Prahy),1 000–1 999,804,1119009,1757747863,4438367909,6196115772,41311170050,1571.0,3966.0,5537.0,1571.0,3367.0,5017.0,15.0,15.5
bez ORP (a bez Prahy),2 000–4 999,442,1315261,1302410999,5734972160,7037383159,50375623780,990.0,4360.0,5351.0,1002.0,3982.0,4999.0,14.0,14.1
bez ORP (a bez Prahy),5 000–9 999,75,470702,300926739,2376903670,2677830409,18915517377,639.0,5050.0,5689.0,641.0,4937.0,5637.0,14.2,14.9
bez ORP (a bez Prahy),10 000–49 999,8,106512,40853536,410603592,451457128,3593170350,384.0,3855.0,4239.0,368.0,3877.0,4321.0,12.6,12.9
souhrn,CR celkem vc. Prahy,6254,10909500,10609453662,71258712771,81868166433,519246937711,972.0,6532.0,7504.0,,,,15.8,
souhrn,CR bez Prahy,6253,9511620,10063730410,57757834771,67821565181,395276813675,1058.0,6072.0,7130.0,,,,17.2,
souhrn,Praha (obec+kraj),1,1397880,545723252,13500878000,14046601251,123970124035,390.0,9658.0,10049.0,,,,11.3,
souhrn,205 ORP (bez Prahy),205,4690787,1905255558,35921026092,37826281650,212052041898,406.0,7658.0,8064.0,,,,17.8,
souhrn,bez ORP,6048,4820833,8158474852,21836808680,29995283532,183224771777,1692.0,4530.0,6222.0,,,,16.4,
