rok,datum,pocet_obci,poznamka,zdroj_url,typ_zdroje
1921,scitani 15.2.1921,11417,dnesni uzemi CR; sčítání (vč. vojenských újezdů dle konvence ČSÚ – v tabulce neuvedeno),https://csu.gov.cz/docs/107508/6c710915-08ca-4d6a-e70d-3a98813d95e9/130055240113.pdf?version=1.0,primarni (ČSÚ Statistická ročenka ČR 2024 tab. 1-13)
1930,scitani 1.12.1930,11768,maximum,https://csu.gov.cz/docs/107508/6c710915-08ca-4d6a-e70d-3a98813d95e9/130055240113.pdf?version=1.0,primarni
1950,scitani 1.3.1950,11459,,https://csu.gov.cz/docs/107508/6c710915-08ca-4d6a-e70d-3a98813d95e9/130055240113.pdf?version=1.0,primarni
1961,scitani 1.3.1961,8726,po reorganizaci 1960,https://csu.gov.cz/docs/107508/6c710915-08ca-4d6a-e70d-3a98813d95e9/130055240113.pdf?version=1.0,primarni
1970,scitani 1.12.1970,7511,,https://csu.gov.cz/docs/107508/6c710915-08ca-4d6a-e70d-3a98813d95e9/130055240113.pdf?version=1.0,primarni
1980,scitani 1.11.1980,4778,,https://csu.gov.cz/docs/107508/6c710915-08ca-4d6a-e70d-3a98813d95e9/130055240113.pdf?version=1.0,primarni
1990,pocatek roku 1990,4100,zaokrouhleno ("jen 4 100 obcí"); vč. vojenských újezdů,https://statistikaamy.csu.gov.cz/se-ctyrmi-vojenskymi-ujezdy-je-v-cr-6-258-samospravnych-obci,primarni (ČSÚ Statistika&My 18.9.2018)
1991,scitani 3.3.1991,5768,po volbách 1990 vzniklo téměř 1 700 obcí,https://csu.gov.cz/docs/107508/6c710915-08ca-4d6a-e70d-3a98813d95e9/130055240113.pdf?version=1.0,primarni
2001,scitani 1.3.2001,6258,,https://csu.gov.cz/docs/107508/6c710915-08ca-4d6a-e70d-3a98813d95e9/130055240113.pdf?version=1.0,primarni
2005,31.12.2005,6248,minimum po roce 2001; vč. vojenských újezdů,https://csu.gov.cz/produkty/velikostni-skupiny-obci,primarni (ČSÚ dataset 340130-26)
2010,31.12.2010,6250,vč. 5 vojenských újezdů,https://csu.gov.cz/produkty/velikostni-skupiny-obci,primarni (ČSÚ dataset 340130-26)
2011,scitani 26.3.2011,6251,,https://csu.gov.cz/docs/107508/6c710915-08ca-4d6a-e70d-3a98813d95e9/130055240113.pdf?version=1.0,primarni
2016,1.1.2016,6258,zrušen VÚ Brdy + zmenšení újezdů; vznik 6 nových obcí (vč. 4 vojenských újezdů),https://csu.gov.cz/produkty/velikostni-skupiny-obci,primarni (ČSÚ dataset 340130-26)
2021,scitani 26.3.2021,6258,,https://csu.gov.cz/docs/107508/6c710915-08ca-4d6a-e70d-3a98813d95e9/130055240113.pdf?version=1.0,primarni
2025,1.1.2025,6258,= 6 254 obcí + 4 vojenské újezdy (Boletice; Hradiště; Březina; Libavá),https://csu.gov.cz/docs/107508/e4925c9c-2d2e-0e98-85e5-90adc927d75a/32019925m_cz.pdf?version=1.0,primarni (ČSÚ Malý lexikon obcí 2025 metodika)
2026,1.1.2026,6258,= 6 254 obcí + 4 vojenské újezdy (0 obyvatel),https://data.csu.gov.cz/opendata/sady/OBY02A/distribuce/csv,primarni (ČSÚ DataStat OBY02A; vlastní výpočet)
