velikostni_skupina,pocet_obci,obyvatel,prumerna_plocha_km2,podil_obci_pct,podil_obyvatel_pct,kumul_podil_obci_pct,kumul_podil_obyvatel_pct
do 199,14,1662,30.1,0.67,0.02,0.67,0.02
200–499,96,36275,29.3,4.59,0.39,5.26,0.41
500–999,297,227065,31.2,14.2,2.46,19.46,2.87
1 000–1 999,723,1060552,36.0,34.56,11.51,54.02,14.38
2 000–4 999,684,2100880,44.9,32.7,22.8,86.72,37.18
5 000–9 999,190,1289699,47.0,9.08,13.99,95.8,51.17
10 000–49 999,77,1247074,55.9,3.68,13.53,99.48,64.7
50 000+,11,3252749,127.3,0.53,35.29,100.01,99.99
celkem,2092,9215956,40.1,100.0,100.0,100.0,100.0
